{"cameraMode":{"drawMode":0,"name":"Shaded","section":"Shading Mode"},"sceneLighting":true,"audioPlay":false,"sceneViewState":{"showFog":true,"showMaterialUpdate":false,"showSkybox":true,"showFlares":true,"showImageEffects":true,"showParticleSystems":true},"in2DMode":false,"pivot":{"x":1.9280920028686524,"y":-0.12654972076416017,"z":4.824798107147217},"rotation":{"x":0.24962882697582246,"y":-0.3520510792732239,"z":0.09800159186124802,"w":0.8967401385307312},"size":5.533173561096191,"orthographic":false}